{"description":"项目私有配置文件。此文件中的内容将覆盖 project.config.json 中的相同字段。项目的改动优先同步到此文件中。详见文档：https://developers.weixin.qq.com/miniprogram/dev/devtools/projectconfig.html","projectname":"TomatoAlarm","setting":{"compileHotReLoad":true,"urlCheck":false},"libVersion":"2.20.3","condition":{"miniprogram":{"list":[{"name":"vip","pathName":"pages/my/pages/about/about","query":"content=vip","launchMode":"default","scene":null},{"name":"about-support","pathName":"pages/my/pages/about/about","query":"content=support","launchMode":"default","scene":null},{"name":"setting","pathName":"pages/my/pages/setting/setting","query":""},{"name":"my","pathName":"pages/my/my","query":""},{"name":"about","pathName":"pages/my/pages/about/about","query":""},{"name":"logs","pathName":"pages/logs/logs","query":""},{"name":"log_detail","pathName":"pages/logs/pages/detail/detail","query":""},{"name":"theme","pathName":"pages/my/pages/theme/theme","query":"","scene":null},{"name":"background","pathName":"pages/my/pages/background/background","query":"","scene":null}]}}}